ActivityName,ActivityType,Ath. Ap,Verified Dt,RosterCount
Activity Soccer Club,Cadet Activity,False,8/20/2025 9:50:05 AM,71
Adopted Students Association,Cadet Activity,False,9/30/2025 9:18:38 AM,220
Adventure Sports,Cadet Activity,False,9/1/2025 9:34:16 PM,348
Alfa Company,Cadet Company,False,10/21/2025 9:02:00 AM,143
Alpine Race Team,Cadet Activity,False,10/10/2025 1:02:56 PM,82
American Society of Civil Engineers (ASCE),Academic Club,False,9/30/2025 9:18:37 AM,110
American Society of Mechanical Engineers (ASME),Academic,False,6/4/2025 1:09:41 PM,15
Artist Collective Club,Academic Club,False,8/27/2025 3:35:00 PM,135
Astronomy Club,Cadet Activity,False,10/21/2025 8:22:00 AM,158
Aviation Club,Cadet Activity,False,9/30/2025 9:18:38 AM,174
Baseball,IC Athletics,True,9/19/2025 9:57:19 AM,37
Basketball Club,Cadet Activity,False,9/30/2025 9:17:13 AM,93
Beach Volleyball Club,Cadet Activity,False,8/31/2025 5:33:12 PM,103
Bible Study,Chaplain,False,3/25/2025 2:21:10 PM,48
Book Club,Cadet Activity,False,10/20/2025 9:55:54 AM,186
Boxing,Cadet Activity,False,9/23/2025 9:00:09 AM,85
Bravo Company,Cadet Company,False,9/22/2025 10:17:51 PM,106
Brazilian Jiu-Jitsu Club,Cadet Activity,False,9/4/2025 6:50:09 PM,202
Cadet Cyber Team,Cadet Activity,False,9/29/2025 5:16:24 PM,14
Cadet Running Club,Cadet Activity,False,9/30/2025 9:18:40 AM,289
Cadets Against Sexual Assault,Cadet,False,8/27/2025 8:46:45 AM,218
CALM - Cadet Advocates for Living Mindfully,Cadet Activity,False,10/20/2025 8:48:12 AM,390
Catholic Campus Ministry (CCM),Chaplain,False,9/2/2025 6:34:00 PM,293
Charlie Company,Cadet Company,False,9/24/2025 11:33:05 PM,141
Cheerleading,Cadet Activity,False,8/27/2025 3:57:24 PM,17
Chorale,Music,False,8/29/2025 10:49:32 AM,35
Class Council Leadership,Administrative,False,8/11/2025 8:29:40 AM,15
Class of 2026 Advisor,Administrative,False,9/30/2025 9:17:15 AM,269
Class of 2027 Advisor,Administrative,False,9/30/2025 9:18:41 AM,279
Class of 2028 Advisor,Administrative,False,8/27/2025 8:46:46 AM,281
Club  Volleyball,Cadet Activity,False,8/29/2025 8:18:01 AM,82
Combat Arms Team,Regimental,False,9/2/2025 4:47:44 PM,11
Community Service / Institutional Service,Cadet,False,6/4/2025 1:09:34 PM,28
Concert Band,Music,False,9/2/2025 6:14:07 PM,14
Crew,IC Athletics,True,10/7/2025 8:43:48 PM,81
Cross Country,IC Athletics,True,9/5/2025 1:14:10 PM,45
Culinary Club,Cadet Activity,False,9/27/2025 11:17:23 PM,181
Cyber Systems,Academic,False,6/4/2025 1:08:31 PM,93
Dance Team,Cadet Activity,False,9/8/2025 10:49:29 AM,11
Delta Company,Cadet Company,False,10/10/2025 3:09:01 PM,110
Dinghy Sailing,Varsity Sailing,False,8/14/2025 3:04:35 PM,32
Distance Runners,IC Athletics,True,9/30/2025 9:18:37 AM,33
Drama Club,Cadet Activity,False,9/25/2025 11:34:11 AM,22
Echo Company,Cadet Company,False,9/16/2025 5:03:40 PM,110
Electrical Engineering Dept,Academic,False,8/22/2025 7:40:45 AM,69
EMS Club,Cadet Activity,False,8/28/2025 6:39:48 PM,54
Equestrian Club,Cadet Activity,False,8/28/2025 2:35:11 PM,55
E-Sports Club,Cadet Activity,False,8/28/2025 1:43:01 AM,61
Fairwinds,Music,False,8/29/2025 10:26:03 AM,18
Fellowship of Christian Athletes (FCA),Chaplain,False,10/3/2025 10:28:40 AM,159
Field Hockey Club,Cadet Activity,False,9/30/2025 10:41:32 AM,169
Fisherman’s Club,Cadet Activity,False,9/2/2025 11:58:29 AM,164
Foxtrot Company,Cadet Company,False,10/15/2025 12:00:16 PM,139
Geospatial Intelligence Club,Cadet Activity,False,7/22/2025 10:21:26 PM,101
Glee Club,Music,False,10/7/2025 3:51:53 PM,66
Golf Club,Cadet Activity,False,9/26/2025 1:08:07 PM,341
Golf Company,Cadet Company,False,9/27/2025 6:24:55 PM,141
Hillel,Chaplain,False,8/27/2025 8:40:54 AM,36
Hockey Skills,Cadet Activity,False,10/14/2025 3:08:22 PM,22
Hotel Company,Cadet Company,False,9/16/2025 5:08:42 PM,100
Humanities Dept,Academic,False,9/23/2025 9:16:56 AM,16
Ice Hockey,Club Sport,True,10/3/2025 4:13:27 PM,36
Idlers,Music,False,8/29/2025 10:36:26 AM,19
INFORMS,Academic Club,False,8/29/2025 3:42:59 PM,84
International Council,Cadet Activity,False,10/15/2025 10:37:22 PM,353
Investment Club,Cadet Activity,False,9/21/2025 9:27:50 PM,132
Jazz Combo,Music,False,8/27/2025 2:49:00 PM,28
Law Society,Academic Club,False,10/15/2025 8:09:17 PM,66
Marine Science 4/c,Academic,False,4/1/2024 11:25:53 AM,40
Mathematics Dept,Academic,False,5/30/2025 10:59:06 AM,25
Men’s Accountability Group,Chaplain,False,4/7/2025 7:54:12 AM,63
Men's Basketball,IC Athletics,True,10/17/2025 2:47:37 PM,14
Men's Lacrosse,IC Athletics,True,9/10/2025 8:37:26 AM,52
Men's Rugby Club,Club Sport,True,9/26/2025 7:58:03 AM,27
Men's Soccer,IC Athletics,True,7/28/2025 3:10:41 PM,30
Men's Water Polo,Cadet Activity,False,9/11/2025 2:29:01 PM,22
Multimedia Club,Cadet Activity,False,8/31/2025 12:48:16 AM,98
Negotiations Club,Academics,False,10/16/2025 12:01:08 PM,83
Officers' Christian Fellowship (OCF),Chaplain,False,10/3/2025 11:40:56 PM,153
Offshore Sailing,Varsity Sailing,False,8/26/2025 11:39:07 AM,38
Orchestra Club,Music,False,9/11/2025 10:48:46 AM,20
Other Religious Program,Chaplain,False,9/24/2025 11:38:20 AM,66
Parachute Club,Cadet Activity,False,9/30/2025 8:23:55 AM,283
PFE Remedial I,Cadet,False,9/15/2025 11:50:20 AM,25
PFE Remedial II Workout,IC Athletics,True,10/17/2025 1:01:40 PM,18
Physical Education Department,IC Athletics,True,8/28/2025 3:23:29 PM,19
Pickleball Club,Cadet Activity,False,8/28/2025 4:07:49 PM,214
Powerlifting Club,Cadet Activity,False,8/29/2025 10:16:44 AM,104
Pre Med Club,Academic Club,False,9/8/2025 8:57:42 PM,48
Prevention Club,Cadet Activity,False,8/22/2025 9:24:50 AM,70
Regimental Staff,Cadet,False,9/16/2025 4:40:04 PM,11
Regimental/Concert/Pep Band,Music,False,10/8/2025 1:59:28 PM,12
Sailing,Varsity Sailing,False,9/12/2025 10:58:12 AM,67
Sandhurst,Cadet Activity,False,9/12/2025 7:58:37 PM,26
Skating Club,Cadet Activity,False,10/16/2025 11:57:44 AM,110
Skeet Club,Cadet Activity,False,9/12/2025 11:17:47 AM,17
Ski and Snowboard Club,Cadet Activity,False,10/1/2025 9:14:40 AM,409
Society for Women in Marine Sciences (SWWS),Academic Club,False,8/27/2025 8:46:45 AM,82
Society of Women Engineers,Academic Club,False,9/30/2025 9:18:39 AM,127
Softball,IC Athletics,True,1/23/2025 10:13:20 AM,15
Spartan Club,Cadet Activity,False,8/29/2025 10:16:44 AM,91
SPIA,Cadet Activity,False,8/1/2025 11:03:45 PM,139
Stewardship Council,Cadet Activity,False,8/27/2025 4:28:27 PM,273
Student Athletic Advisory Committee,IC Athletics,True,12/27/2024 4:00:44 PM,48
Surf Club,Cadet Activity,False,10/1/2025 1:20:00 PM,417
Swimming,IC Athletics,True,10/19/2025 9:22:43 AM,66
Swimming (Fri),IC Athletics,True,9/9/2024 11:28:15 AM,23
Swimming (Mon),IC Athletics,True,9/17/2025 8:38:45 AM,31
Swimming (Morning),IC Athletics,True,10/13/2025 10:46:53 AM,12
Swimming (Thur),IC Athletics,True,9/23/2025 12:33:55 PM,29
Swimming (Tue),IC Athletics,True,9/16/2025 1:02:04 PM,27
Swimming (Wed),IC Athletics,False,9/23/2025 12:33:19 PM,31
Swing/ Ballroom Dance,Cadet Activity,False,8/27/2025 8:46:41 AM,181
Track & Field,IC Athletics,True,9/29/2025 3:33:22 PM,92
Track & Field (Morning Run),IC Athletics,True,9/30/2025 9:18:40 AM,17
Triathlon Club,Club Sport,True,8/18/2025 9:23:17 AM,30
Ultimate Frisbee Club,Cadet Activity,False,8/21/2025 12:04:08 PM,102
Varsity Football,IC Athletics,True,10/2/2025 8:59:09 AM,88
Volleyball,IC Athletics,True,9/23/2025 10:05:01 PM,25
WAG (Women's Accountability Group),Chaplain,False,3/25/2025 2:28:28 PM,12
Windjammers,Music,False,9/22/2025 2:04:36 PM,40
Women in Cyber Security (WICYS),Cadet Activity,False,7/22/2025 10:05:42 PM,111
Women's advisory Board,Military,False,8/26/2025 4:56:39 PM,27
Women's Ice Hockey,Cadet Activity,False,10/16/2025 7:16:13 AM,38
Women's Lacrosse,IC Athletics,True,8/21/2025 11:32:36 AM,31
Women's Rugby Club,Club Sport,True,9/29/2025 9:20:09 AM,36
Women's Soccer,IC Athletics,True,8/20/2025 11:56:28 AM,30
Women's Varsity Basketball,IC Athletics,True,10/8/2025 10:53:26 AM,13
Women's Water Polo,Cadet Activity,False,9/3/2025 1:14:21 PM,51
Women's Wrestling,Cadet Activity,False,8/27/2025 3:30:19 PM,40
Wrestling,IC Athletics,True,10/2/2025 2:13:11 PM,54
Yoga Club,Cadet Activity,False,10/2/2025 11:18:13 AM,307
