Customer ID,First Name,Last Name,Email Address,Street Address,City,State,Zip,Gender,Credit Card Number
500,Ava,Kerr,ava.kerr@google.com,35A Cherry Orchard,Denver,CO,80201,F,122635211541
501,Victoria,Bailey,victoria.bailey@google.com,5 The Springs,Denver,CO,80201,F,254136597462
502,Hannah,Mitchell,hannah.mitchell@google.com,79 Rydal Ave,Denver,CO,80201,F,852462169841
503,Trevor,Lee,trevor.lee@google.com,101 Winchester Rd,Denver,CO,80201,M,952144520145
504,Phil,Mackay,phil.mackay@google.com,12 Hylton Pl,Denver,CO,80201,M,951447512655
505,Abigail,Russell,abigail.russell@google.com,3 Ash Cl,Denver,CO,80201,F,857141058412
506,Keith,Hill,keith.hill@google.com,28 Trewarton Rd,Denver,CO,80201,M,957410255412
507,Neil,Underwood,neil.underwood@google.com,111 Clarence Rd,Denver,CO,80201,M,944100547725
508,Sonia,Wright,sonia.wright@google.com,43 Emerson Ave,Denver,CO,80201,F,784512684524
509,Carl,Jones,carl.jones@google.com,10 Brynawelon Dr,Denver,CO,80201,M,954125874126
510,Bernadette,Chapman,bernadette.chapman@google.com,1 Central Circle,Denver,CO,80201,F,954711558742
