Order ID,Customer ID,Date Ordered,Date Delivered
470,501,1/5/2018,1/15/2018
471,502,1/5/2018,1/15/2018
472,503,1/5/2018,1/15/2018
473,504,1/5/2018,1/15/2018
474,505,1/5/2018,1/15/2018
475,506,1/5/2018,1/15/2018
476,507,1/5/2018,1/15/2018
477,508,1/5/2018,1/15/2018
478,509,1/5/2018,1/15/2018
480,501,2/1/2018,4/1/2018
481,502,3/15/2018,4/3/2018
482,503,2/26/2018,4/10/2018
483,504,3/18/2018,4/3/2018
484,505,3/31/2018,4/20/2018
485,506,2/10/2018,3/31/2018
486,507,2/3/2018,4/3/2018
487,508,3/2/2018,4/10/2018
488,509,1/31/2018,3/30/2018
489,510,3/1/2018,4/16/2018
