Owner ID,Vehicle ID,Vehicle,Price Per Day
900,1,1992 Rover 216,169.00
909,10,2010 Mini Cooper Clubman,187.00
910,11,2008 Daewoo Kalos,129.00
911,12,2005 Land Rover Discovery,74.00
912,13,1992 Oldsmobile Eighty-Eight,181.00
913,14,2009 Honda Civic,26.00
914,15,2014 Mercedes-Benz GL-Class,180.00
915,16,2009 Brilliance BS6,63.00
916,17,2012 BMW X6,256.00
917,18,2002 Toyota Avalon,94.00
918,19,2012 BMW 650,121.00
901,2,1992 Subaru Vivio,112.00
919,20,1997 Jeep Wrangler,160.00
920,21,1998 Eagle Vision,90.00
921,22,2008 Mazda 5,148.00
922,23,2005 Dodge Stratus,140.00
923,24,1993 Mazda AZ-1,166.00
924,25,2002 Mitsubishi Dion,161.00
925,26,2008 BMW 328,154.00
926,27,2008 Lexus LS,219.00
927,28,2014 BMW 3 Series Gran Turismo,208.00
928,29,2008 Mazda 5,89.00
902,3,1996 Opel Vita,71.00
929,30,2012 Kia Sportage,25.00
930,31,2009 Hyundai i10,76.00
931,32,1996 Italdesign Nazca,239.00
932,33,1998 Mitsubishi Eclipse,145.00
933,34,2014 Volvo S60,152.00
934,35,2001 Tata Aria,230.00
935,36,2003 SsangYong Chairman H,185.00
936,37,2014 Mercedes-Benz SL-Class,289.00
937,38,2014 Ford E-Series Wagon,203.00
938,39,1994 Mazda RX-7,209.00
903,4,2006 Volkswagen Eos,123.00
939,40,2008 Honda Pilot,175.00
940,41,2008 Ford Mustang,218.00
941,42,1993 Volvo 480,153.00
942,43,2003 Porsche 996,223.00
943,44,2012 Chevrolet Camaro,96.00
944,45,2001 Fiat Duna,202.00
945,46,2007 GMC Acadia,93.00
946,47,2000 Ford Puma,137.00
947,48,2010 Bentley Azure,269.00
948,49,1996 Ford Crown Victoria,202.00
904,5,1997 Nissan Terrano II,185.00
949,50,2002 Seat Inca Kombi,185.00
950,51,2009 Dodge Avenger,193.00
951,52,2007 Mitsubishi Grandis,224.00
952,53,2000 Honda Legend,87.00
953,54,1992 Citroen AX,223.00
954,55,1993 Honda Integra,128.00
955,56,2012 Peugeot iOn,160.00
956,57,2009 Pontiac G6,177.00
957,58,2000 Tata Safari,123.00
958,59,2004 BMW 745,127.00
905,6,2012 Mazda MX-5 Miata,197.00
959,60,1996 Alfa Romeo Spider,454.00
960,61,2003 Mitsubishi Lancer,93.00
961,62,1997 Mitsubishi Pajero,236.00
962,63,2005 Toyota Opa,142.00
963,64,1997 Mercedes-Benz S,118.00
964,65,2007 Chevrolet Corvette,225.00
965,66,2001 Honda Odyssey,218.00
966,67,2011 Ford C-Max,114.00
967,68,2006 Toyota Highlander,172.00
968,69,2008 Chevrolet Kalos,219.00
906,7,2006 Fiat Palio II,178.00
969,70,2008 Lada Niva,79.00
970,71,1994 Tata Estate,52.00
971,72,1994 Opel Astra,196.00
972,73,1999 Mitsubishi Diamante,159.00
973,74,2007 Peugeot 307,87.00
974,75,2002 Rover 75,82.00
975,76,2010 SsangYong Chairman W,182.00
976,77,1995 Lancia Ypsilon,157.00
977,78,2009 SsangYong Actyon,198.00
978,79,1994 Bentley Turbo,51.00
907,8,2011 Mitsubishi Outlander,122.00
979,80,1994 Ferrari F333,315.00
980,81,2007 BMW 760,209.00
981,82,2010 Chevrolet Silverado,235.00
982,83,1998 Saab 9-3,69.00
983,84,1998 Daihatsu Domino,166.00
984,85,2003 Alfa Romeo 166,170.00
985,86,2006 Chevrolet Suburban,62.00
986,87,2006 Ford Freestyle,206.00
987,88,2008 Maserati Coupe,111.00
988,89,1996 Mercedes-Benz SLK,122.00
908,9,2007 Renault Kangoo,187.00
989,90,2011 Volkswagen Touareg,234.00
990,91,2012 Audi A7,137.00
991,92,2007 Ferrari 612,370.00
992,93,2010 Jaguar XK,207.00
993,94,2008 Volvo S80,225.00
994,95,2004 Chrysler Town & Country,161.00
995,96,2010 Suzuki Equator,57.00
996,97,2004 Daewoo Lanos,197.00
997,98,2001 Oldsmobile Silhouette,109.00
