Customer ID,First Name,Last Name,Street Address,City,State,Zip Code,Email Address,Telephone Number,CC Type,CVV2,CC Expires
101,Ivy,Turk,3163 Jerry Dove Drive,Florence,SC,29501,IvyJTurk@armyspy.com,843-413-3824,Visa,723,10/1/2019
102,Rafael,Bishop,2978 James Street,Franklinville,NY,14737,RafaelMBishop@gustr.com,585-676-5429,MasterCard,15,6/1/2021
103,Daniel,Mattox,4413 Camden Place,Georgetown,SC,29440,DanielBMattox@superrito.com,843-904-8326,Visa,769,2/1/2021
104,Arthur,Baker,489 Christie Way,Ayer,MA,1432,ArthurMBaker@teleworm.us,978-772-6573,Visa,642,7/1/2019
105,Jennifer,Schrimsher,1335 Daffodil Lane,Mclean,VA,22101,JenniferASchrimsher@einrot.com,703-448-8919,MasterCard,324,6/1/2018
106,Linda,Busby,3484 Jim Rosa Lane,San Francisco,CA,94112,LindaCBusby@dayrep.com,415-841-3572,MasterCard,382,7/1/2019
107,Joseph,Duran,1799 Edington Drive,Atlanta,GA,30303,JosephCDuran@gustr.com,678-771-1133,Visa,462,4/1/2020
108,Monica,Hamann,3235 Green Avenue,Oakland,CA,94612,MonicaKHamann@dayrep.com,510-808-2116,Visa,683,8/1/2019
109,Linda,Harris,3591 Lawman Avenue,Washington,VA,20011,LindaTHarris@rhyta.com,703-286-1797,Visa,573,2/1/2017
110,Bertha,Peterson,1069 Windy Ridge Road,Fort Wayne,IN,46818,BerthaMPeterson@gustr.com,260-573-8741,MasterCard,48,10/1/2021
111,Jeremy,Kaplan,3248 Ridenour Street,Miami,FL,33176,JeremyMKaplan@gustr.com,786-205-2557,MasterCard,409,10/1/2021
112,William,Nealon,2823 Arron Smith Drive,Moanalua,HI,96819,WilliamSNealon@jourrapide.com,808-479-9665,MasterCard,147,12/1/2021
113,Megan,Espinoza,4433 Airplane Avenue,Wallingford,CT,6492,MeganREspinoza@dayrep.com,860-933-0729,MasterCard,521,8/1/2017
114,Antonio,Belanger,4491 Braxton Street,Dakota,IL,61018,AntonioMBelanger@armyspy.com,815-449-0909,Visa,248,5/1/2018
115,Dennis,Justice,3682 Duffy Street,Merrillville,IN,46410,DennisLJustice@cuvox.de,219-791-0087,MasterCard,504,12/1/2021
116,Wesley,Everson,2528 Deans Lane,Poughkeepsie,NY,12603,WesleyKEverson@cuvox.de,914-866-4127,MasterCard,254,11/1/2020
117,Susan,Gibson,4489 Tetrick Road,Polk City,FL,33868,SusanBGibson@gustr.com,863-398-1117,MasterCard,145,10/1/2020
118,Wendy,Wilson,4052 Kembery Drive,Chicago,IL,60605,WendyDWilson@teleworm.us,630-580-8124,Visa,670,11/1/2019
119,Patricia,Jessen,1312 Abner Road,Rhinelander,WI,54501,PatriciaEJessen@armyspy.com,715-369-9009,MasterCard,821,10/1/2018
120,Ima,Carter,846 Saint Francis Way,Waukesha,WI,53186,ImaDCarter@rhyta.com,262-927-8328,MasterCard,540,11/1/2021
121,Sarah,Bacon,213 Marie Street,Dorrs Corner,MD,21108,SarahEBacon@rhyta.com,410-923-6699,Visa,855,4/1/2017
122,Connie,Slane,2796 Fincham Road,Oceanside,CA,92054,ConnieJSlane@dayrep.com,760-529-8704,MasterCard,318,5/1/2019
123,Lea,Perry,1482 Linden Avenue,Orlando,FL,32801,LeaHPerry@dayrep.com,407-642-0134,Visa,484,2/1/2017
124,Joshua,Handley,2769 Bubby Drive,Austin,TX,78701,JoshuaGHandley@einrot.com,512-390-8544,Visa,996,2/1/2019
125,Robert,Jacobs,962 Virginia Street,Buffalo Grove,IL,60089,RobertNJacobs@jourrapide.com,773-619-4081,MasterCard,172,2/1/2020
126,Marjorie,Berry,212 Still Street,Toledo,OH,43615,MarjorieKBerry@cuvox.de,419-725-2283,MasterCard,7,2/1/2019
127,Susan,Bostick,4051 Maple Street,Anaheim,CA,92805,SusanJBostick@dayrep.com,714-381-6984,Visa,481,7/1/2019
128,Robert,Elder,4169 Kincheloe Road,Tigard,OR,97223,RobertMElder@dayrep.com,503-530-4762,MasterCard,319,4/1/2021
129,Tessa,Wood,727 Round Table Drive,Cincinnati,OH,45240,TessaTWood@cuvox.de,513-851-8674,MasterCard,866,5/1/2019
130,Elma,Johnston,639 Chapel Street,Spring,TX,77386,ElmaRJohnston@armyspy.com,281-719-9842,MasterCard,787,5/1/2018
131,Henry,Thomas,2230 Burnside Court,Phoenix,AZ,85009,HenryCThomas@superrito.com,602-447-3686,MasterCard,686,11/1/2019
132,Margaret,Burchard,2740 C Street,Osterville,MA,2655,MargaretJBurchard@dayrep.com,508-420-0029,MasterCard,724,9/1/2017
133,Mathew,Johnson,1251 Hillcrest Drive,Kent,WA,98032,MathewEJohnson@fleckens.hu,253-395-1519,Visa,543,2/1/2017
134,Joe,Magee,40 Hickory Heights Drive,Linthicum Heights,MD,21090,JoeTMagee@armyspy.com,443-998-4792,MasterCard,248,10/1/2018
135,Leon,Divito,4319 Green Avenue,Hayward,CA,94545,LeonADivito@einrot.com,510-780-9035,MasterCard,729,12/1/2019
136,Fredrick,Williams,1910 Whitetail Lane,Dallas,TX,75240,FredrickCWilliams@superrito.com,469-201-6381,Visa,773,4/1/2021
137,Stanley,Lowry,2296 Cemetery Street,Watsonville,CA,95076,StanleyELowry@gustr.com,831-724-1838,MasterCard,368,9/1/2019
138,Steven,Jackson,1240 Quincy Street,Philadelphia,PA,19108,StevenSJackson@einrot.com,267-397-4933,MasterCard,885,6/1/2021
139,George,Dawson,1286 Hillcrest Circle,Minneapolis,MN,55415,GeorgeMDawson@dayrep.com,763-464-5671,Visa,835,5/1/2019
140,Helen,Moore,2291 Apple Lane,Peoria,IL,61614,HelenMMoore@gustr.com,309-206-8669,Visa,721,11/1/2019
141,Lena,Rosati,2604 Loving Acres Road,Kansas City,MO,66210,LenaRRosati@cuvox.de,816-918-1609,MasterCard,163,10/1/2017
142,Kenneth,Bohm,3193 Private Lane,Albany,GA,31701,KennethOBohm@armyspy.com,229-264-2128,MasterCard,76,1/1/2021
143,Edna,Moreno,2550 Christie Way,Lexington,MA,2173,EdnaBMoreno@rhyta.com,978-804-7568,Visa,518,11/1/2021
144,Susan,Zimmerman,1531 Birch  Street,El Paso,TX,79922,SusanJZimmerman@einrot.com,915-494-3651,Visa,554,5/1/2019
145,Michelle,Thomas,266 Travis Street,Port St Lucie,FL,33452,MichelleDThomas@jourrapide.com,772-878-9021,Visa,890,1/1/2018
146,Ryan,Gurley,3706 John Daniel Drive,Columbia,MO,65201,RyanCGurley@rhyta.com,573-709-2742,Visa,673,3/1/2018
147,Daniel,Mishler,4024 Half and Half Drive,Fresno,CA,93711,DanielJMishler@dayrep.com,559-819-6535,Visa,538,5/1/2021
148,Alva,Velasquez,4315 Marshville Road,Woodstock,NY,12498,AlvaMVelasquez@fleckens.hu,845-679-7079,MasterCard,341,7/1/2021
149,Wendy,Gates,54 Fraggle Drive,Wood Dale,IL,60191,WendyAGates@jourrapide.com,630-390-7395,Visa,421,7/1/2020
150,Marian,Applegate,3979 Fairfield Road,Milwaukee,WI,53202,MarianRApplegate@jourrapide.com,262-721-0752,Visa,488,12/1/2020
151,Aurelia,Anthony,3189 Fieldcrest Road,New York,NY,10013,AureliaBAnthony@cuvox.de,631-919-2646,MasterCard,162,7/1/2017
152,Angela,Smith,4781 Brown Street,Oakland,CA,94612,AngelaLSmith@dayrep.com,925-891-0495,Visa,302,3/1/2017
153,Robert,Wilson,280 Allison Avenue,Franklin,VA,23851,RobertEWilson@jourrapide.com,757-562-5863,Visa,168,11/1/2020
154,Courtney,Kelley,3786 Friendship Lane,San Jose,CA,95131,CourtneyJKelley@armyspy.com,408-573-0708,Visa,709,1/1/2018
155,Lester,Boettcher,4889 Prudence Street,Detroit,MI,48226,LesterNBoettcher@fleckens.hu,313-429-5342,MasterCard,530,1/1/2018
156,Adeline,Carrasquillo,1182 Green Street,Nashville,TN,37228,AdelineTCarrasquillo@jourrapide.com,615-628-2789,MasterCard,566,2/1/2020
157,Sarah,Mullin,1874 Frank Avenue,Springfield,MA,1103,SarahPMullin@gustr.com,413-263-8830,Visa,351,6/1/2019
158,Deborah,Childs,4287 Massachusetts Avenue,Washington,DC,20005,DeborahKChilds@einrot.com,202-661-4304,Visa,938,9/1/2017
159,Kimberley,Hobson,1625 Pringle Drive,Chicago,IL,60605,KimberleyJHobson@rhyta.com,312-360-2955,Visa,567,5/1/2017
160,Bernice,Barton,2851 Heron Way,Portland,OR,97205,BerniceDBarton@rhyta.com,503-816-5875,MasterCard,385,1/1/2018
161,Tracey,Belin,1843 Marion Street,South Burlington,VT,5403,TraceyJBelin@jourrapide.com,802-999-7438,Visa,8,3/1/2018
162,Virginia,Valentine,1330 Hershell Hollow Road,Johnson City,TN,37615,VirginiaTValentine@rhyta.com,423-946-7705,Visa,364,6/1/2021
163,Roland,Cox,3508 Glenview Drive,Corpus Christi,TX,78476,RolandHCox@armyspy.com,361-522-9563,Visa,947,7/1/2020
164,Theresa,Hernandez,232 Westwood Avenue,Farmingdale,NY,11735,TheresaRHernandez@jourrapide.com,516-843-3033,MasterCard,818,4/1/2017
165,Herbert,Renner,986 Randolph Street,Auburn,MA,1501,HerbertCRenner@einrot.com,508-729-1267,MasterCard,584,12/1/2018
166,Deanna,Hines,763 Raoul Wallenberg Place,Bloomfield,CT,6002,DeannaWHines@jourrapide.com,203-809-1593,Visa,425,9/1/2019
167,Tamara,Turner,3046 Station Street,Austin,TX,78756,TamaraETurner@gustr.com,512-206-5901,MasterCard,480,11/1/2017
168,Joe,Connor,4837 Court Street,Chesterfield,MO,63005,JoeEConnor@jourrapide.com,636-737-0005,MasterCard,839,1/1/2019
169,Carol,Barnum,1991 Thomas Street,West Chicago,IL,60185,CarolSBarnum@jourrapide.com,847-486-1643,MasterCard,146,2/1/2018
170,Donald,Hogan,2647 Woodstock Drive,Baldwin Park,CA,91706,DonaldAHogan@teleworm.us,626-480-0405,Visa,169,12/1/2018
171,Angelica,Falcon,3181 Moore Avenue,Grapevine,TX,76051,AngelicaRFalcon@superrito.com,817-724-2979,Visa,970,9/1/2017
172,Audrey,Baker,553 Caldwell Road,Shortsville,NY,14548,AudreyJBaker@fleckens.hu,585-289-6577,MasterCard,267,2/1/2021
173,Julio,Shaffer,1397 Rose Street,Park Forest,IL,60466,JulioTShaffer@jourrapide.com,708-283-2411,MasterCard,260,12/1/2020
174,Terry,Akins,1153 Felosa Drive,Los Angeles,CA,90029,TerryCAkins@teleworm.us,323-953-1652,MasterCard,220,3/1/2021
175,Ronald,Smith,4601 Aviation Way,Los Angeles,CA,90071,RonaldDSmith@teleworm.us,213-895-9794,MasterCard,744,10/1/2021
176,James,Fender,133 James Martin Circle,Dublin,OH,43017,JamesWFender@dayrep.com,614-376-2652,Visa,147,5/1/2019
177,Barry,Tuck,385 Horseshoe Lane,Philadelphia,PA,19108,BarryVTuck@cuvox.de,484-385-8234,MasterCard,793,4/1/2018
178,Lucia,Griffin,2547 Tree Top Lane,Trenton,NJ,8608,LuciaIGriffin@dayrep.com,609-984-4140,MasterCard,37,3/1/2018
179,Robert,Maloy,4785 Fincham Road,Ontario,CA,91761,RobertLMaloy@cuvox.de,760-486-2996,MasterCard,381,10/1/2019
180,Patrick,Gandy,2564 Briarwood Road,Alton,MO,65606,PatrickAGandy@einrot.com,417-778-4943,Visa,641,5/1/2017
181,Norman,Brendle,3518 Cunningham Court,Ortonville,MI,48462,NormanRBrendle@jourrapide.com,248-627-2519,MasterCard,998,12/1/2018
182,William,Crawford,3333 New Creek Road,Atlanta,AL,30308,WilliamSCrawford@superrito.com,256-906-0864,Visa,4,11/1/2020
183,John,Baisden,852 Swick Hill Street,Metairie,LA,70001,JohnABaisden@einrot.com,985-235-3477,MasterCard,118,2/1/2017
184,Mariah,Nance,2971 Rose Street,Chicago,IL,60605,MariahGNance@superrito.com,708-241-2546,MasterCard,993,7/1/2021
185,Willie,Ramirez,1039 Finwood Road,Jersey City,NJ,7304,WillieCRamirez@teleworm.us,732-437-3916,Visa,201,6/1/2020
186,Rene,Buchanan,1202 Tyler Avenue,North Miami,FL,33161,ReneBBuchanan@teleworm.us,305-286-3316,Visa,379,8/1/2021
187,Roy,Rowe,2401 Oakwood Avenue,New York,NY,10007,RoyJRowe@armyspy.com,212-619-5070,MasterCard,516,11/1/2018
188,Latesha,Turner,3290 Lucy Lane,Evansville,IN,47708,LateshaMTurner@einrot.com,812-506-8637,MasterCard,154,6/1/2017
189,Sonia,Santos,1496 Michigan Avenue,Mars,PA,16046,SoniaJSantos@fleckens.hu,724-625-9126,Visa,772,1/1/2018
190,David,Ford,1369 Harley Vincent Drive,Warrensville Heights,OH,44128,DavidMFord@superrito.com,440-680-7374,Visa,717,5/1/2021
191,William,Robinson,972 Hornor Avenue,Hallett,OK,74034,WilliamMRobinson@rhyta.com,918-356-3597,Visa,424,2/1/2018
192,Janet,Aldridge,3033 Ridenour Street,Miramar,FL,33025,JanetMAldridge@dayrep.com,786-208-8055,MasterCard,115,11/1/2017
193,Lynn,Wheeler,3870 B Street,Shoreview,MN,55126,LynnSWheeler@einrot.com,651-494-7643,MasterCard,964,8/1/2020
194,David,Watts,4287 Tennessee Avenue,Pontiac,MI,48342,DavidBWatts@superrito.com,248-334-5305,MasterCard,675,12/1/2019
195,Amanda,Stephens,4150 Benedum Drive,Cold Spring,NY,10516,AmandaLStephens@superrito.com,845-265-8906,Visa,235,5/1/2018
196,Rachael,Houser,1913 Burnside Court,Phoenix,AZ,85034,RachaelSHouser@jourrapide.com,602-391-0122,Visa,561,9/1/2020
197,Dorthy,Robinson,1257 Richland Avenue,Pinehurst,TX,77362,DorthyBRobinson@jourrapide.com,281-259-2226,MasterCard,391,4/1/2017
198,Genevieve,Mitchell,3481 Barnes Avenue,Cincinnati,OH,45217,GenevieveHMitchell@teleworm.us,513-641-2333,Visa,97,7/1/2019
199,Susan,Argo,2911 Michael Street,Houston,TX,77033,SusanSArgo@gustr.com,713-731-2752,Visa,900,10/1/2019
200,Michael,Elliot,4819 Stanton Hollow Road,Needham,MA,2192,MichaelJElliot@dayrep.com,781-495-9989,MasterCard,102,2/1/2018
