Owner ID,First Name,Last Name,Street Address,City,State,Zip Code,Email Address,Telephone Number
901,Juan,Fishman,351 Shobe Lane,Fort Collins,CO,80524,JuanIFishman@fleckens.hu,970-494-7508
902,Grace,Job,398 Bagwell Avenue,Ocala,FL,34471,GraceJJob@dayrep.com,352-558-6887
903,Lee,Cope,2717 Vine Street,Morton Grove,IL,60053,LeeKCope@einrot.com,847-663-2840
904,Todd,Lewis,1892 Huntz Lane,Worcester,MA,1608,ToddMLewis@jourrapide.com,978-598-0790
905,Elizabeth,Costello,243 Sycamore Road,Bend,OR,97701,ElizabethTCostello@teleworm.us,541-388-2495
906,Edward,Lea,1003 Hood Avenue,San Diego,CA,92121,EdwardDLea@fleckens.hu,858-736-9343
907,Milton,Sisk,4120 Queens Lane,Danville,VA,24541,MiltonHSisk@fleckens.hu,434-792-2580
908,Lula,Jackson,1727 Chenoweth Drive,Nashville,TN,37211,LulaWJackson@gustr.com,931-588-2820
909,Bernard,Stlouis,3732 Romano Street,Franklin,MA,2038,BernardJStlouis@einrot.com,781-360-8136
910,Carolyn,Corbett,1137 Bernardo Street,Georgetown,IN,47122,CarolynJCorbett@superrito.com,812-951-2542
911,John,Ferreira,3547 Tori Lane,Salt Lake City,UT,84104,JohnAFerreira@rhyta.com,801-628-9988
912,Geneva,Caudle,705 Peck Court,Irvine,CA,92714,GenevaTCaudle@superrito.com,949-567-9725
913,Shelia,Sturgis,975 Gladwell Street,Memphis,TN,38106,SheliaSSturgis@einrot.com,901-947-3569
914,Lucy,Treadwell,1748 Norma Avenue,Houston,TX,77006,LucyJTreadwell@superrito.com,936-826-7941
915,Karl,Johnson,1658 Logan Lane,Denver,CO,80202,KarlCJohnson@einrot.com,303-250-1954
916,Millard,McElyea,3020 Ashwood Drive,Sioux City,IA,51101,MillardLMcElyea@jourrapide.com,712-305-2338
917,Alma,Buckles,1527 Clousson Road,Houston,TX,77002,AlmaEBuckles@jourrapide.com,713-230-0436
918,Zachary,Seltzer,1225 Farland Avenue,Laredo,TX,78041,ZacharyLSeltzer@cuvox.de,830-421-2021
919,Michael,Worsham,343 Briercliff Road,New York,NY,10001,MichaelKWorsham@armyspy.com,718-695-8096
920,Toney,Jamison,2410 High Meadow Lane,Moosic,PA,18507,ToneyMJamison@teleworm.us,570-457-7811
921,Robert,Burns,743 Roguski Road,Shreveport,LA,71101,RobertMBurns@teleworm.us,318-267-2219
922,Stephanie,Greenwalt,726 Murphy Court,Minneapolis,MN,55415,StephanieCGreenwalt@dayrep.com,952-229-6572
923,William,Vogel,386 Lee Avenue,Camden,NJ,8102,WilliamSVogel@dayrep.com,856-366-4139
924,David,Garfinkel,3758 Sunburst Drive,Naples,FL,33940,DavidSGarfinkel@fleckens.hu,239-434-6981
925,Patricia,Ewell,3916 Elsie Drive,Sioux Falls,SD,57102,PatriciaJEwell@jourrapide.com,605-292-6385
926,Peggy,Chambliss,3285 Sunrise Road,Las Vegas,NV,89119,PeggyRChambliss@einrot.com,702-885-4457
927,Emily,Burke,1743 Orchard Street,Saint Paul,MN,55104,EmilyJBurke@armyspy.com,952-601-8897
928,Delmar,Gledhill,939 Whiteman Street,Pennsauken,NJ,8110,DelmarKGledhill@rhyta.com,609-892-1755
929,Steven,Weiss,344 Brookview Drive,San Jose,CA,95113,StevenJWeiss@einrot.com,408-999-3643
930,Vikki,Richter,3143 Neville Street,Evansville,IN,47708,VikkiTRichter@einrot.com,812-647-7702
931,Nancy,Rogers,2657 Glendale Avenue,Irvine,CA,92614,NancyHRogers@einrot.com,818-665-4505
932,George,Crawford,4234 Benson Street,Stevens Point,WI,54481,GeorgeMCrawford@gustr.com,715-240-7758
933,Valerie,Warren,2528 Fannie Street,Freeport,TX,77541,ValerieMWarren@rhyta.com,979-237-3743
934,Sally,Frazier,961 Mulberry Avenue,Little Rock,AR,72205,SallyJFrazier@rhyta.com,501-334-5892
935,Catherine,Cobos,1176 Capitol Avenue,Indianapolis,IN,46278,CatherineGCobos@rhyta.com,765-532-1626
936,Christopher,Perrin,139 Woodstock Drive,El Monte,CA,91731,ChristopherBPerrin@armyspy.com,626-470-1729
937,Charlene,Seay,583 Peaceful Lane,Cleveland,OH,44114,CharleneJSeay@jourrapide.com,216-392-6008
938,Scott,Hogg,3667 Cherry Ridge Drive,Warren,MI,48093,ScottBHogg@rhyta.com,586-268-2718
939,Newton,Witherspoon,3656 University Hill Road,Oconee,IL,62553,NewtonAWitherspoon@superrito.com,217-539-3327
940,Judy,Griffith,3320 Emeral Dreams Drive,La Salle,IL,61301,JudyBGriffith@einrot.com,815-224-6823
941,Paul,Huff,4790 Single Street,Boston,MA,2199,PaulJHuff@dayrep.com,781-657-9696
942,Christopher,Flemming,1702 Ashmor Drive,Duluth,MN,55802,ChristopherLFlemming@teleworm.us,218-248-9961
943,Lindsey,McCrea,2372 Mesa Drive,Las Vegas,NV,89101,LindseyEMcCrea@gustr.com,702-424-3308
944,Daniela,Scales,4660 Charles Street,Southfield,MI,48075,DanielaGScales@teleworm.us,734-468-7290
945,Pauline,Freeman,3385 Barnes Street,Altamonte Springs,FL,32701,PaulineRFreeman@gustr.com,407-339-8822
946,Jennifer,Worley,3733 Sheila Lane,Smith,NV,89447,JenniferCWorley@rhyta.com,775-465-5913
947,Howard,Schramm,2496 Mount Street,Mount Pleasant,MI,48858,HowardRSchramm@cuvox.de,989-613-3540
948,Ana,Ward,3691 Luke Lane,Indiahoma,OK,73552,AnaEWard@rhyta.com,580-246-0524
949,Jeff,Walker,1967 Adams Drive,Wharton,TX,77488,JeffTWalker@rhyta.com,979-532-6726
950,Dianne,Contreras,3474 Jessie Street,Barlow,OH,45729,DianneBContreras@einrot.com,740-678-4019
951,Christopher,Croy,572 Black Oak Hollow Road,Santa Clara,CA,95054,ChristopherLCroy@dayrep.com,408-844-7598
952,Gilberto,Tafolla,4186 Park Avenue,Sacramento,CA,95826,GilbertoCTafolla@armyspy.com,916-479-6582
953,Joseph,Spring,963 Oakwood Avenue,New York,NY,10011,JosephESpring@dayrep.com,212-627-9465
954,Matthew,White,4942 Matthews Street,Tiskilwa,IL,61368,MatthewAWhite@cuvox.de,815-646-3463
955,Samantha,Cabezas,70 Eagles Nest Drive,Sacramento,CA,58147,SamanthaSCabezas@superrito.com,530-655-0099
956,William,McLain,4247 Weekley Street,San Antonio,TX,78258,WilliamNMcLain@cuvox.de,210-394-5557
957,Shawn,White,2081 Canis Heights Drive,Los Angeles,CA,90017,ShawnAWhite@cuvox.de,213-787-6852
958,Lyle,Fishback,1794 Kuhl Avenue,Atlanta,GA,30312,LyleGFishback@superrito.com,678-634-3670
959,Wayne,Adair,1134 Kooter Lane,Matthews,NC,28105,WayneAAdair@teleworm.us,704-475-0244
960,Tiffany,Brown,4266 Buena Vista Avenue,Springfield,OR,97477,TiffanyJBrown@superrito.com,541-744-6678
961,David,Starks,1104 Stoneybrook Road,Palm Bay,FL,32905,DavidLStarks@armyspy.com,321-450-7329
962,Tonya,Lasseter,1467 Upton Avenue,Waterville,ME,4901,TonyaPLasseter@gustr.com,207-872-4475
963,Ebony,Carr,262 Michigan Avenue,Bridgeville,PA,15017,EbonyACarr@fleckens.hu,724-601-5015
964,Georgia,Ericson,1588 Lynn Street,Brookline,MA,2146,GeorgiaDEricson@armyspy.com,617-277-6968
965,Ashley,Janke,576 Emerson Road,Shreveport,LA,71101,AshleyAJanke@rhyta.com,318-805-3444
966,Ethel,Gibbons,4500 Daylene Drive,Flint,MI,48548,EthelKGibbons@rhyta.com,734-559-8309
967,Richard,Dominquez,2285 Briercliff Road,Rego Park Queens,NY,11734,RichardIDominquez@superrito.com,718-687-3005
968,Dawn,Brown,1898 Thompson Street,La Habra,CA,90631,DawnJBrown@armyspy.com,562-691-7798
969,Ariel,Mann,4315 Frosty Lane,Binghamton,NY,13904,ArielMMann@einrot.com,607-743-8482
970,Steven,Stowe,4030 Main Street,Lynnwood,WA,98037,StevenRStowe@jourrapide.com,425-743-4184
971,Laura,Dunlap,197 Quiet Valley Lane,Sepulveda,CA,91343,LauraMDunlap@einrot.com,818-892-9884
972,Nova,Buchan,623 Hiddenview Drive,Philadelphia,PA,19108,NovaTBuchan@superrito.com,215-965-9302
973,Christopher,King,4071 Spring Street,Springfield,IL,62701,ChristopherJKing@rhyta.com,217-757-3273
974,Ann,Richardson,1050 Pursglove Court,Milford Center,OH,43045,AnnKRichardson@gustr.com,937-349-2705
975,Leslie,Numbers,349 Aaron Smith Drive,Camp Hill,PA,17011,LeslieCNumbers@einrot.com,717-760-8205
976,Traci,Lincoln,4399 Centennial Farm Road,Carroll,IA,51401,TraciRLincoln@gustr.com,712-790-0265
977,Denise,Gamble,1922 Lady Bug Drive,Colorado Springs,CO,80907,DeniseJGamble@einrot.com,719-210-9472
978,Jeffrey,Tucker,1139 Elm Drive,Garden City,NY,11530,JeffreyJTucker@jourrapide.com,646-421-2164
979,Gary,Robbins,886 Young Road,Weippe,ID,83553,GaryARobbins@teleworm.us,208-435-3085
980,Veda,Gallant,1578 Lighthouse Drive,Sparta,MO,65753,VedaCGallant@jourrapide.com,417-278-2683
981,Cristina,Ramos,2939 Geneva Street,New York,NY,10016,CristinaARamos@cuvox.de,917-487-4054
982,Angela,McGaha,3504 Grant Street,Whitehouse,TX,75791,AngelaMMcGaha@jourrapide.com,903-839-8970
983,Daniel,Toney,921 Pratt Avenue,Point Roberts,WA,98281,DanielBToney@cuvox.de,360-945-6833
984,Rodolfo,Stgeorge,2703 Upton Avenue,Bangor,ME,4401,RodolfoDStgeorge@armyspy.com,207-947-5889
985,Ruth,Willard,944 Briarwood Drive,Maple Shade,NJ,8052,RuthAWillard@gustr.com,856-430-7243
986,Clint,Morrison,3386 Pringle Drive,Chicago,IL,60606,ClintVMorrison@cuvox.de,312-407-2595
987,Victor,Weber,1209 Linden Avenue,Orlando,FL,32801,VictorEWeber@jourrapide.com,407-531-6846
988,Ana,Chang,2825 Lodgeville Road,Minneapolis,MN,55402,AnaNChang@gustr.com,612-339-3543
989,Michael,Sullivan,910 Hanifan Lane,Norcross,GA,30071,MichaelSSullivan@teleworm.us,678-516-1017
990,Tracy,Drost,2943 Michael Street,Houston,TX,77063,TracyDDrost@fleckens.hu,713-828-2343
991,Stacey,Jones,2158 Alexander Avenue,San Jose,CA,95134,StaceyRJones@einrot.com,925-583-9186
992,Hallie,McCloskey,1396 Desert Broom Court,Ramsey,NJ,7446,HallieFMcCloskey@cuvox.de,201-760-3717
993,Melvin,Green,825 Fieldcrest Road,New York,NY,10011,MelvinYGreen@gustr.com,631-876-8233
994,Irene,Bean,2813 Ashmor Drive,Duluth,MN,55811,IreneJBean@fleckens.hu,218-235-2379
995,Rhonda,Hensley,1840 Trymore Road,Kenyon,MN,55946,RhondaJHensley@superrito.com,507-789-4610
996,Susan,Tejada,102 Boone Crockett Lane,Ferndale,WA,98248,SusanKTejada@superrito.com,360-410-7308
997,Robert,Williams,700 Lowes Alley,Columbus,OH,43201,RobertNWilliams@einrot.com,740-251-1057
998,Christopher,McCray,1524 Late Avenue,Fort Supply,OK,73841,ChristopherEMcCray@jourrapide.com,580-766-0442
999,Alice,Lawrence,1153 Luke Lane,Oklahoma City,OK,73109,AliceNLawrence@einrot.com,580-302-3545
