Rental ID,Vehicle ID,Customer ID,Start Date,End Date,Region
1,52,109,9/19/2017,9/21/2017,East
10,78,141,9/28/2017,10/1/2017,Midwest
11,14,133,9/29/2017,10/2/2017,Midwest
12,12,103,9/30/2017,10/2/2017,East
13,43,107,10/1/2017,10/5/2017,East
14,53,128,10/2/2017,10/3/2017,Midwest
15,68,154,10/3/2017,10/6/2017,Mountain
16,11,121,10/4/2017,10/6/2017,East
17,44,137,10/5/2017,10/7/2017,Midwest
18,70,170,10/6/2017,10/10/2017,Mountain
19,36,164,10/7/2017,10/8/2017,Mountain
2,22,194,9/20/2017,9/22/2017,West
20,37,163,10/8/2017,10/10/2017,Mountain
21,56,164,10/9/2017,10/12/2017,Mountain
22,98,192,10/10/2017,10/11/2017,West
23,24,104,10/11/2017,10/13/2017,East
24,53,117,10/12/2017,10/14/2017,East
25,19,169,10/13/2017,10/16/2017,Mountain
26,20,160,10/14/2017,10/17/2017,Mountain
27,1,193,10/15/2017,10/17/2017,West
28,38,101,10/16/2017,10/17/2017,East
29,12,142,10/17/2017,10/20/2017,Midwest
3,24,106,9/21/2017,9/23/2017,East
30,5,131,10/18/2017,10/22/2017,Midwest
31,94,133,10/19/2017,10/22/2017,Midwest
32,72,145,10/20/2017,10/24/2017,Midwest
33,38,117,10/21/2017,10/25/2017,East
34,88,114,10/22/2017,10/25/2017,East
35,45,155,10/23/2017,10/27/2017,Mountain
36,64,155,10/24/2017,10/25/2017,Mountain
37,75,170,10/25/2017,10/27/2017,Mountain
38,6,133,10/26/2017,10/29/2017,Midwest
39,13,177,10/27/2017,10/31/2017,West
4,60,185,9/22/2017,9/23/2017,West
40,22,167,10/28/2017,11/1/2017,Mountain
41,25,105,10/29/2017,10/31/2017,East
42,87,191,10/30/2017,11/2/2017,West
43,23,186,10/31/2017,11/3/2017,West
44,90,145,11/1/2017,11/2/2017,Midwest
45,51,101,11/2/2017,11/5/2017,East
46,75,124,11/3/2017,11/6/2017,East
47,85,157,11/4/2017,11/5/2017,Mountain
48,3,127,11/5/2017,11/6/2017,Midwest
49,57,108,11/6/2017,11/9/2017,East
5,59,181,9/23/2017,9/24/2017,West
50,33,131,11/7/2017,11/11/2017,Midwest
51,47,104,11/8/2017,11/11/2017,East
52,5,131,11/9/2017,11/11/2017,Midwest
53,19,192,11/10/2017,11/11/2017,West
54,13,152,11/11/2017,11/15/2017,Mountain
55,94,129,11/12/2017,11/16/2017,Midwest
56,80,162,11/13/2017,11/17/2017,Mountain
57,48,169,11/14/2017,11/16/2017,Mountain
58,67,108,11/15/2017,11/17/2017,East
59,94,184,11/16/2017,11/18/2017,West
6,83,193,9/24/2017,9/28/2017,West
60,6,116,11/17/2017,11/18/2017,East
61,68,164,11/18/2017,11/21/2017,Mountain
62,42,158,11/19/2017,11/21/2017,Mountain
63,23,152,11/20/2017,11/21/2017,Mountain
64,31,192,11/21/2017,11/24/2017,West
65,60,176,11/22/2017,11/25/2017,West
66,58,108,11/23/2017,11/27/2017,East
67,44,102,11/24/2017,11/26/2017,East
68,77,182,11/25/2017,11/29/2017,West
69,60,125,11/26/2017,11/30/2017,Midwest
7,85,149,9/25/2017,9/27/2017,Midwest
70,90,187,11/27/2017,11/28/2017,West
71,89,148,11/28/2017,11/30/2017,Midwest
72,10,143,11/29/2017,12/1/2017,Midwest
73,79,199,11/30/2017,12/3/2017,West
74,24,143,12/1/2017,12/2/2017,Midwest
75,29,117,12/2/2017,12/5/2017,East
76,83,185,12/3/2017,12/5/2017,West
77,18,182,12/4/2017,12/5/2017,West
78,87,196,12/5/2017,12/9/2017,West
79,14,163,12/6/2017,12/8/2017,Mountain
8,81,121,9/26/2017,9/27/2017,East
80,34,135,12/7/2017,12/10/2017,Midwest
81,78,194,12/8/2017,12/12/2017,West
82,88,113,12/9/2017,12/12/2017,East
83,32,126,12/10/2017,12/13/2017,Midwest
84,88,121,12/11/2017,12/13/2017,East
85,4,172,12/12/2017,12/13/2017,Mountain
86,16,112,12/13/2017,12/16/2017,East
87,18,116,12/14/2017,12/15/2017,East
88,41,146,12/15/2017,12/17/2017,Midwest
89,74,120,12/16/2017,12/20/2017,East
9,71,181,9/27/2017,9/30/2017,West
90,59,161,12/17/2017,12/20/2017,Mountain
91,21,153,12/18/2017,12/22/2017,Mountain
92,45,162,12/19/2017,12/22/2017,Mountain
93,94,134,12/20/2017,12/23/2017,Midwest
94,18,179,12/21/2017,12/25/2017,West
95,7,173,12/22/2017,12/25/2017,Mountain
96,4,149,12/23/2017,12/27/2017,Midwest
97,72,164,12/24/2017,12/25/2017,Mountain
98,78,193,12/25/2017,12/26/2017,West
99,28,162,12/26/2017,12/30/2017,Mountain
